{
  "BTC-USDT-SWAP_LONG_1777833891-740E1B48": {
    "instId": "BTC-USDT-SWAP",
    "side": "LONG",
    "tf": "15m",
    "entry": 78660.1,
    "sl": 78508.342857,
    "tp1": 78887.735714,
    "tp2": 79115.371429,
    "tp3": 79014.5542,
    "score": 101,
    "grade": "A+ 極強 🔥",
    "detail": {
      "trend": 15,
      "rsi_value": 48.9,
      "rsi": 25,
      "ob": 20,
      "fvg": 15,
      "snr": 5,
      "pa": 0,
      "liq": 0,
      "mom": 5,
      "mtf": 15,
      "mtf_desc": "1H=順 / 4H=順",
      "volume": 0,
      "volume_ratio": 0.75,
      "regime": "range",
      "adx": 16.7,
      "atr_pct": 0.129,
      "learning_notes": [
        "score:90+ (n=35, 勝率 66%) → +1",
        "🧬 KNN：10 筆最相似訊號 → 勝 6 / 敗 2 (勝率 60%)"
      ],
      "learning_adjust": 1,
      "tp_adjust_notes": [
        "TP3 由 79418.8857 校正到 79014.5542（避開阻力 79172.9000）"
      ]
    },
    "funding_rate": 1.58676918318e-05,
    "mtf_snapshot": {
      "1H": {
        "supertrend": 1,
        "trend": "up",
        "rsi": 72.7
      },
      "4H": {
        "supertrend": 1,
        "trend": "up",
        "rsi": 72.2
      }
    },
    "regime_snapshot": {
      "regime": "range",
      "adx": 16.7,
      "atr_pct": 0.129,
      "volatile": false
    },
    "created": 1777833888.5693026,
    "expires": 1777920288.5693028,
    "order_id": "1777833891-740E1B48",
    "status": "ACTIVE",
    "hit_tp1": false,
    "hit_tp2": false,
    "hit_tp3": false,
    "activated_at": 1777833891.713668,
    "entry_message_id": 534,
    "last_checked_ts": 1777837500.0,
    "current_price": 78747.0
  },
  "ETH-USDT-SWAP_LONG_1777833892-41150C12": {
    "instId": "ETH-USDT-SWAP",
    "side": "LONG",
    "tf": "15m",
    "entry": 2330.35,
    "sl": 2322.663571,
    "tp1": 2341.879643,
    "tp2": 2338.87288,
    "tp3": 2338.87288,
    "score": 98,
    "grade": "A+ 極強 🔥",
    "detail": {
      "trend": 30,
      "rsi_value": 56.7,
      "rsi": 15,
      "ob": 20,
      "fvg": 15,
      "snr": 0,
      "pa": 5,
      "liq": 0,
      "mom": 5,
      "mtf": 15,
      "mtf_desc": "1H=順 / 4H=順",
      "volume": -10,
      "volume_ratio": 0.44,
      "regime": "range",
      "adx": 8.9,
      "atr_pct": 0.22,
      "learning_notes": [
        "score:90+ (n=35, 勝率 66%) → +1",
        "rsi_long:50-59 (n=5, 勝率 80%) → +2",
        "🧬 KNN：10 筆最相似訊號 → 勝 6 / 敗 2 (勝率 60%)"
      ],
      "learning_adjust": 3,
      "tp_adjust_notes": [
        "TP2 由 2353.4093 校正到 2338.8729（避開阻力 2343.5600）",
        "TP3 由 2368.7821 校正到 2338.8729（避開阻力 2343.5600）"
      ]
    },
    "funding_rate": 4.06743838408e-05,
    "mtf_snapshot": {
      "1H": {
        "supertrend": 1,
        "trend": "up",
        "rsi": 79.6
      },
      "4H": {
        "supertrend": 1,
        "trend": "up",
        "rsi": 72.1
      }
    },
    "regime_snapshot": {
      "regime": "range",
      "adx": 8.9,
      "atr_pct": 0.22,
      "volatile": false
    },
    "created": 1777833888.6055558,
    "expires": 1777920288.605556,
    "order_id": "1777833892-41150C12",
    "status": "ACTIVE",
    "hit_tp1": false,
    "hit_tp2": false,
    "hit_tp3": false,
    "activated_at": 1777833892.2722003,
    "entry_message_id": 535,
    "last_checked_ts": 1777837500.0,
    "current_price": 2334.79
  },
  "SOL-USDT-SWAP_LONG_1777833892-BDFB771A": {
    "instId": "SOL-USDT-SWAP",
    "side": "LONG",
    "tf": "15m",
    "entry": 84.2,
    "sl": 83.976071,
    "tp1": 84.535893,
    "tp2": 84.871786,
    "tp3": 84.7801,
    "score": 94,
    "grade": "A+ 極強 🔥",
    "detail": {
      "trend": 15,
      "rsi_value": 41.9,
      "rsi": 25,
      "ob": 20,
      "fvg": 15,
      "snr": 5,
      "pa": 0,
      "liq": 0,
      "mom": 5,
      "mtf": 15,
      "mtf_desc": "1H=順 / 4H=順",
      "volume": -10,
      "volume_ratio": 0.33,
      "regime": "range",
      "adx": 17.5,
      "atr_pct": 0.177,
      "pullback": true,
      "learning_notes": [
        "score:90+ (n=35, 勝率 66%) → +1",
        "🧬 KNN：10 筆最相似訊號 → 勝 5 / 敗 3 (勝率 50%)"
      ],
      "learning_adjust": 1,
      "tp_adjust_notes": [
        "TP3 由 85.3196 校正到 84.7801（避開阻力 84.9500）"
      ]
    },
    "funding_rate": -6.4739301876e-06,
    "mtf_snapshot": {
      "1H": {
        "supertrend": 1,
        "trend": "up",
        "rsi": 68.0
      },
      "4H": {
        "supertrend": 1,
        "trend": "up",
        "rsi": 53.1
      }
    },
    "regime_snapshot": {
      "regime": "range",
      "adx": 17.5,
      "atr_pct": 0.177,
      "volatile": false
    },
    "created": 1777833888.433117,
    "expires": 1777920288.4331172,
    "order_id": "1777833892-BDFB771A",
    "status": "ACTIVE",
    "hit_tp1": false,
    "hit_tp2": false,
    "hit_tp3": false,
    "activated_at": 1777833892.7514625,
    "entry_message_id": 536,
    "last_checked_ts": 1777837500.0,
    "current_price": 84.36
  },
  "BNB-USDT-SWAP_LONG_1777837053-3EF04E22": {
    "instId": "BNB-USDT-SWAP",
    "side": "LONG",
    "tf": "15m",
    "entry": 619.2,
    "sl": 618.117857,
    "tp1": 620.823214,
    "tp2": 620.1572,
    "tp3": 620.1572,
    "score": 82,
    "grade": "A 強力 ⭐",
    "detail": {
      "trend": 0,
      "rsi_value": 41.2,
      "rsi": 25,
      "ob": 20,
      "fvg": 15,
      "snr": 5,
      "pa": 0,
      "liq": 0,
      "mom": 0,
      "mtf": 15,
      "mtf_desc": "1H=順 / 4H=順",
      "volume": 0,
      "volume_ratio": 0.53,
      "regime": "range",
      "adx": 12.5,
      "atr_pct": 0.117,
      "learning_notes": [
        "coin:BNB (n=15, 勝率 80%) → +2",
        "🧬 KNN：10 筆最相似訊號 → 勝 5 / 敗 3 (勝率 50%)"
      ],
      "learning_adjust": 2,
      "tp_adjust_notes": [
        "TP2 由 622.4464 校正到 620.1572（避開阻力 621.4000）",
        "TP3 由 624.6107 校正到 620.1572（避開阻力 621.4000）"
      ]
    },
    "funding_rate": 4.86998195028e-05,
    "mtf_snapshot": {
      "1H": {
        "supertrend": 1,
        "trend": "up",
        "rsi": 78.4
      },
      "4H": {
        "supertrend": 1,
        "trend": "up",
        "rsi": 56.3
      }
    },
    "regime_snapshot": {
      "regime": "range",
      "adx": 12.5,
      "atr_pct": 0.117,
      "volatile": false
    },
    "created": 1777837050.4004443,
    "expires": 1777923450.4004445,
    "order_id": "1777837053-3EF04E22",
    "status": "ACTIVE",
    "hit_tp1": false,
    "hit_tp2": false,
    "hit_tp3": false,
    "activated_at": 1777837053.4223225,
    "entry_message_id": 540,
    "last_checked_ts": 1777837500.0,
    "current_price": 619.0
  },
  "XRP-USDT-SWAP_LONG_1777837053-29C1BA2F": {
    "instId": "XRP-USDT-SWAP",
    "side": "LONG",
    "tf": "15m",
    "entry": 1.395,
    "sl": 1.390607,
    "tp1": 1.3972,
    "tp2": 1.3972,
    "tp3": 1.3972,
    "score": 80,
    "grade": "A 強力 ⭐",
    "detail": {
      "trend": 0,
      "rsi_value": 44.4,
      "rsi": 25,
      "ob": 20,
      "fvg": 15,
      "snr": 0,
      "pa": 0,
      "liq": 0,
      "mom": 0,
      "mtf": 15,
      "mtf_desc": "1H=順 / 4H=順",
      "volume": 5,
      "volume_ratio": 1.61,
      "regime": "range",
      "adx": 9.1,
      "atr_pct": 0.21,
      "learning_notes": [
        "🧬 KNN：10 筆最相似訊號 → 勝 5 / 敗 3 (勝率 50%)"
      ],
      "learning_adjust": 0,
      "tp_adjust_notes": [
        "TP1 由 1.4016 校正到 1.3972（避開阻力 1.4000）",
        "TP2 由 1.4082 校正到 1.3972（避開阻力 1.4000）",
        "TP3 由 1.4170 校正到 1.3972（避開阻力 1.4000）"
      ]
    },
    "funding_rate": 0.0001,
    "mtf_snapshot": {
      "1H": {
        "supertrend": 1,
        "trend": "up",
        "rsi": 82.4
      },
      "4H": {
        "supertrend": 1,
        "trend": "up",
        "rsi": 66.7
      }
    },
    "regime_snapshot": {
      "regime": "range",
      "adx": 9.1,
      "atr_pct": 0.21,
      "volatile": false
    },
    "created": 1777837050.4070578,
    "expires": 1777923450.407058,
    "order_id": "1777837053-29C1BA2F",
    "status": "ACTIVE",
    "hit_tp1": false,
    "hit_tp2": false,
    "hit_tp3": false,
    "activated_at": 1777837053.955487,
    "entry_message_id": 541,
    "last_checked_ts": 1777837500.0,