{
  "SOL-USDT-SWAP_SHORT_1777648542-A95A1387": {
    "instId": "SOL-USDT-SWAP",
    "side": "SHORT",
    "tf": "15m",
    "entry": 84.29,
    "sl": 84.29,
    "tp1": 83.57,
    "tp2": 82.85,
    "tp3": 81.89,
    "score": 80,
    "grade": "A 強力 ⭐",
    "detail": {
      "trend": 15,
      "rsi_value": 59.2,
      "rsi": 25,
      "ob": 20,
      "fvg": 15,
      "snr": 5,
      "pa": 0,
      "liq": 0,
      "mom": 0
    },
    "funding_rate": 3.86868895422e-05,
    "created": 1777648542.0918868,
    "expires": 1777734942.091887,
    "order_id": "1777648542-A95A1387",
    "status": "BE",
    "hit_tp1": true,
    "hit_tp2": false,
    "hit_tp3": false,
    "activated_at": 1777648542.0919144,
    "entry_message_id": 2489,
    "last_checked_ts": 1777739400.0,
    "current_price": 84.1
  },
  "BTC-USDT-SWAP_SHORT_1777653063-48C93FC8": {
    "instId": "BTC-USDT-SWAP",
    "side": "SHORT",
    "tf": "15m",
    "entry": 78253.0,
    "sl": 78803.8857,
    "tp1": 77426.6714,
    "tp2": 76600.3429,
    "tp3": 75498.5714,
    "score": 85,
    "grade": "A+ 極強 🔥",
    "detail": {
      "trend": 15,
      "rsi_value": 59.0,
      "rsi": 25,
      "ob": 20,
      "fvg": 15,
      "snr": 5,
      "pa": 0,
      "liq": 0,
      "mom": 5
    },
    "funding_rate": -4.13972553092e-05,
    "created": 1777653063.6613138,
    "expires": 1777739463.6613138,
    "order_id": "1777653063-48C93FC8",
    "status": "ACTIVE",
    "hit_tp1": false,
    "hit_tp2": false,
    "hit_tp3": false,
    "activated_at": 1777653063.6613379,
    "entry_message_id": 2498,
    "last_checked_ts": 1777739400.0,
    "current_price": 78418.0
  },
  "ADA-USDT-SWAP_SHORT_1777653066-4751E77D": {
    "instId": "ADA-USDT-SWAP",
    "side": "SHORT",
    "tf": "15m",
    "entry": 0.2492,
    "sl": 0.2509,
    "tp1": 0.2466,
    "tp2": 0.244,
    "tp3": 0.2405,
    "score": 70,
    "grade": "A 強力 ⭐",
    "detail": {
      "trend": 15,
      "rsi_value": 54.0,
      "rsi": 25,
      "ob": 20,
      "fvg": 0,
      "snr": 5,
      "pa": 0,
      "liq": 0,
      "mom": 5
    },
    "funding_rate": 0.0001,
    "created": 1777653066.7494478,
    "expires": 1777739466.7494483,
    "order_id": "1777653066-4751E77D",
    "status": "ACTIVE",
    "hit_tp1": false,
    "hit_tp2": false,
    "hit_tp3": false,
    "activated_at": 1777653066.7494726,
    "entry_message_id": 2500,
    "last_checked_ts": 1777739400.0,
    "current_price": 0.2503
  },
  "LINK-USDT-SWAP_SHORT_1777657301-4D190AC0": {
    "instId": "LINK-USDT-SWAP",
    "side": "SHORT",
    "tf": "15m",
    "entry": 9.21,
    "sl": 9.21,
    "tp1": 9.1338,
    "tp2": 9.0576,
    "tp3": 8.9561,
    "score": 95,
    "grade": "A+ 極強 🔥",
    "detail": {
      "trend": 30,
      "rsi_value": 32.5,
      "rsi": 15,
      "ob": 20,
      "fvg": 15,
      "snr": 5,
      "pa": 5,
      "liq": 0,
      "mom": 5
    },
    "funding_rate": 0.0001,
    "created": 1777657301.2259035,
    "expires": 1777743701.225904,
    "order_id": "1777657301-4D190AC0",
    "status": "BE",
    "hit_tp1": true,
    "hit_tp2": false,
    "hit_tp3": false,
    "activated_at": 1777657301.2259293,
    "entry_message_id": 2511,
    "last_checked_ts": 1777739400.0,
    "current_price": 9.154
  },
  "ETH-USDT-SWAP_LONG_1777701966-09359FFA": {
    "instId": "ETH-USDT-SWAP",
    "side": "LONG",
    "tf": "15m",
    "entry": 2301.7,
    "sl": 2301.7,
    "tp1": 2310.962,
    "tp2": 2320.2239,
    "tp3": 2320.35,
    "score": 78,
    "grade": "A 強力 ⭐",
    "detail": {
      "trend": 15,
      "rsi_value": 57.6,
      "rsi": 15,
      "ob": 20,
      "fvg": 15,
      "snr": 0,
      "pa": 0,
      "liq": 0,
      "mom": 0,
      "mtf": 7,
      "mtf_desc": "1H=中 / 4H=順",
      "volume": 0,
      "volume_ratio": 0.51,
      "regime": "trend",
      "adx": 30.7,
      "atr_pct": 0.179,
      "learning_notes": [
        "score:70-79 (n=11, 勝率 82%) → +2",
        "fund:neutral (n=21, 勝率 62%) → +1",
        "🧬 KNN：10 筆最相似訊號 → 勝 7 / 敗 3 (勝率 70%)",
        "KNN 中高勝率 → +3"
      ],
      "learning_adjust": 6,
      "tp_adjust_notes": [
        "TP3 由 2332.5732 校正到 2320.3500（避開阻力 2325.0000）"
      ]
    },
    "funding_rate": -2.04506827385e-05,
    "mtf_snapshot": {
      "1H": {
        "supertrend": 0,
        "trend": "side",
        "rsi": 43.7
      },
      "4H": {
        "supertrend": 1,
        "trend": "up",
        "rsi": 79.1
      }
    },
    "regime_snapshot": {
      "regime": "trend",
      "adx": 30.7,
      "atr_pct": 0.179,
      "volatile": false
    },
    "created": 1777701966.8007505,
    "expires": 1777788366.8007507,
    "order_id": "1777701966-09359FFA",
    "status": "BE",
    "hit_tp1": true,
    "hit_tp2": false,
    "hit_tp3": false,
    "activated_at": 1777701966.801887,
    "entry_message_id": 2657,
    "last_checked_ts": 1777739400.0,
    "current_price": 2308.0
  },
  "BNB-USDT-SWAP_LONG_1777733108-D5912E94": {
    "instId": "BNB-USDT-SWAP",
    "side": "LONG",
    "tf": "15m",
    "entry": 616.5,
    "sl": 616.5,
    "tp1": 618.0268,
    "tp2": 619.5536,
    "tp3": 621.5893,
    "score": 97,
    "grade": "A+ 極強 🔥",
    "detail": {
      "trend": 30,
      "rsi_value": 68.5,
      "rsi": 15,
      "ob": 20,
      "fvg": 15,
      "snr": 5,
      "pa": 0,
      "liq": 0,
      "mom": 5,
      "mtf": 3,
      "mtf_desc": "1H=順 / 4H=反",
      "volume": 2,
      "volume_ratio": 1.27,
      "regime": "trend",
      "adx": 80.0,
      "atr_pct": 0.11,
      "learning_notes": [
        "score:90+ (n=21, 勝率 76%) → +2",
        "rsi_long:60-69 (n=7, 勝率 14%) → -3",
        "fund:neutral (n=35, 勝率 63%) → +1",
        "coin:BNB (n=11, 勝率 82%) → +2",
        "🧬 KNN：10 筆最相似訊號 → 勝 5 / 敗 4 (勝率 50%)"
      ],
      "learning_adjust": 2
    },
    "funding_rate": -6.61764966179e-05,
    "mtf_snapshot": {
      "1H": {
        "supertrend": 1,
        "trend": "up",
        "rsi": 62.7
      },
      "4H": {
        "supertrend": -1,
        "trend": "down",
        "rsi": 44.9
      }
    },
    "regime_snapshot": {
      "regime": "trend",
      "adx": 80.0,
      "atr_pct": 0.11,
      "volatile": false
    },
    "created": 1777733108.7980087,
    "expires": 1777819508.798009,
    "order_id": "1777733108-D5912E94",
    "status": "BE",
    "hit_tp1": true,
    "hit_tp2": false,
    "hit_tp3": false,
    "activated_at": 1777733108.7994397,
    "entry_message_id": 2764,
    "last_checked_ts": 1777739400.0,
    "current_price": 617.8
  },
  "AVAX-USDT-SWAP_LONG_1777733111-F27934D9": {
    "instId": "AVAX-USDT-SWAP",
    "side": "LONG",
    "tf": "15m",
    "entry": 9.114,
    "sl": 9.114,
    "tp1": 9.1513,
    "tp2": 9.1886,
    "tp3": 9.2383,
    "score": 89,
    "grade": "A+ 極強 🔥",
    "detail": {
      "trend": 30,
      "rsi_value": 53.3,
      "rsi": 15,
      "ob": 20,
      "fvg": 15,
      "snr": 5,
      "pa": 0,
      "liq": 0,
      "mom": 5,
      "mtf": -5,
      "mtf_desc": "1H=中 / 4H=反",
      "volume": 2,
      "volume_ratio": 1.17,
      "regime": "range",
      "adx": 9.6,
      "atr_pct": 0.182,
      "learning_notes": [
        "score:80-89 (n=13, 勝率 62%) → +1",
        "fund:neutral (n=35, 勝率 63%) → +1",
        "🧬 KNN：10 筆最相似訊號 → 勝 6 / 敗 3 (勝率 60%)"
      ],
      "learning_adjust": 2
    },
    "funding_rate": -1.6090622141e-05,
    "mtf_snapshot": {
      "1H": {
        "supertrend": 0,
        "trend": "side",
        "rsi": 55.8
      },
      "4H": {
        "supertrend": -1,
        "trend": "down",
        "rsi": 41.7
      }
    },
    "regime_snapshot": {
      "regime": "range",
      "adx": 9.6,
      "atr_pct": 0.182,
      "volatile": false
    },
    "created": 1777733111.7724514,
    "expires": 1777819511.7724516,
    "order_id": "1777733111-F27934D9",
    "status": "BE",
    "hit_tp1": true,
    "hit_tp2": false,
    "hit_tp3": false,
    "activated_at": 1777733111.7738755,
    "entry_message_id": 2765,
    "last_checked_ts": 1777739400.0,
    "current_price": 9.148
  },
  "XRP-USDT-SWAP_LONG_1777736046-FF883F33": {
    "instId": "XRP-USDT-SWAP",