{
  "ADA-USDT-SWAP": 1778146195.537125,
  "ETH-USDT-SWAP": 1778163308.5899236
}