{
  "BTC-USDT-SWAP": 1778287409.4602132,
  "LTC-USDT-SWAP": 1778287426.7302146,
  "TRX-USDT-SWAP": 1778300656.4686718,
  "LINK-USDT-SWAP": 1778302386.4781597
}