{
  "XAU-USDT-SWAP": 1778397949.223836,
  "BTC-USDT-SWAP": 1778424474.348344,
  "BNB-USDT-SWAP": 1778429633.9108462,
  "XAG-USDT-SWAP": 1778413081.0012763,
  "ETH-USDT-SWAP": 1778424476.2801666,
  "SOL-USDT-SWAP": 1778429632.005872
}