{
  "AVAX-USDT-SWAP": 1778269368.5062253,
  "BTC-USDT-SWAP": 1778287409.4602132,
  "LTC-USDT-SWAP": 1778287426.7302146
}