{
  "TRX-USDT-SWAP": 1778300656.4686718,
  "LINK-USDT-SWAP": 1778302386.4781597,
  "XAG-USDT-SWAP": 1778321083.2361147
}