{
  "BTC-USDT-SWAP": 1777833892.2716672,
  "ETH-USDT-SWAP": 1777833892.7510195,
  "SOL-USDT-SWAP": 1777833893.2331886
}