{
  "BNB-USDT-SWAP": 1778777487.9682217,
  "BCH-USDT-SWAP": 1778779783.4884512
}