{
  "BCH-USDT-SWAP": 1778333086.8586013,
  "XAU-USDT-SWAP": 1778340797.157658,
  "BNB-USDT-SWAP": 1778364199.262952
}