{
  "XAU-USDT-SWAP": 1778397949.223836,
  "BTC-USDT-SWAP": 1778404370.0817387,
  "BNB-USDT-SWAP": 1778404374.8843713
}