{
  "ETH-USDT-SWAP": 1778163308.5899236,
  "DOGE-USDT-SWAP": 1778193929.6869397
}