{
  "BNB-USDT-SWAP": 1778003693.5924659,
  "XRP-USDT-SWAP": 1778003695.587504
}