{
  "BNB-USDT-SWAP": 1777733109.5658753,
  "AVAX-USDT-SWAP": 1777733112.4734838,
  "TON-USDT-SWAP": 1777740606.6105976,
  "NEAR-USDT-SWAP": 1777736058.0176077,
  "XRP-USDT-SWAP": 1777736054.9562225,
  "DOGE-USDT-SWAP": 1777740603.6041062
}