{
  "XAG-USDT-SWAP": 1778321083.2361147,
  "BCH-USDT-SWAP": 1778333086.8586013,
  "XAU-USDT-SWAP": 1778340797.157658
}