{
  "BNB-USDT-SWAP": 1777827935.902103,
  "BTC-USDT-SWAP": 1777845392.4532764,
  "ETH-USDT-SWAP": 1777827934.0070438,
  "SOL-USDT-SWAP": 1777845395.7905939
}