{
  "LINK-USDT-SWAP": 1778302386.4781597,
  "XAG-USDT-SWAP": 1778321083.2361147,
  "BCH-USDT-SWAP": 1778333086.8586013
}