{
  "BTC-USDT-SWAP": 1777913296.2531822,
  "ETH-USDT-SWAP": 1777913297.6644661
}