{
  "BNB-USDT-SWAP": 1777733109.5658753,
  "AVAX-USDT-SWAP": 1777751289.5637999,
  "TON-USDT-SWAP": 1777740606.6105976,
  "NEAR-USDT-SWAP": 1777751293.100791,
  "XRP-USDT-SWAP": 1777736054.9562225,
  "DOGE-USDT-SWAP": 1777740603.6041062,
  "ADA-USDT-SWAP": 1777751287.44523
}