{
  "BNB-USDT-SWAP": 1777733109.5658753,
  "AVAX-USDT-SWAP": 1777751289.5637999,
  "TON-USDT-SWAP": 1777758180.1035318,
  "NEAR-USDT-SWAP": 1777751293.100791,
  "XRP-USDT-SWAP": 1777758327.2823274,
  "DOGE-USDT-SWAP": 1777758104.0047834,
  "ADA-USDT-SWAP": 1777751287.44523,
  "BTC-USDT-SWAP": 1777758096.4176967,
  "SOL-USDT-SWAP": 1777758100.22571,
  "ETH-USDT-SWAP": 1777760580.3884563,
  "LINK-USDT-SWAP": 1777760582.321992,
  "DOT-USDT-SWAP": 1777760584.2271461
}