{
  "TRX-USDT-SWAP": 1778616866.3391066,
  "XAU-USDT-SWAP": 1778616926.9710863,
  "TON-USDT-SWAP": 1778617516.093173
}