{
  "BTC-USDT-SWAP": 1777833892.2716672,
  "ETH-USDT-SWAP": 1777833892.7510195,
  "SOL-USDT-SWAP": 1777833893.2331886,
  "BNB-USDT-SWAP": 1777837053.955012,
  "XRP-USDT-SWAP": 1777837054.4207428,
  "ADA-USDT-SWAP": 1777837054.8850265,
  "DOGE-USDT-SWAP": 1777839745.5388622,
  "LINK-USDT-SWAP": 1777839746.014511,
  "DOT-USDT-SWAP": 1777839746.5041444
}