{
  "BTC-USDT-SWAP": 1778099100.1661553,
  "SOL-USDT-SWAP": 1778099102.9074378
}