{
  "BTC-USDT-SWAP": 1778440827.4680135,
  "BNB-USDT-SWAP": 1778429633.9108462,
  "XAG-USDT-SWAP": 1778413081.0012763,
  "ETH-USDT-SWAP": 1778424476.2801666,
  "SOL-USDT-SWAP": 1778429632.005872,
  "TRX-USDT-SWAP": 1778440834.4665868,
  "AVAX-USDT-SWAP": 1778442485.4923575,
  "BCH-USDT-SWAP": 1778442489.281609,
  "LTC-USDT-SWAP": 1778442561.9026773,
  "UNI-USDT-SWAP": 1778443180.969041
}