{
  "last_tg_sent": 1778970612.7896004,
  "last_position_update_ts": 1778922912.696912,
  "last_health_warning": 1778090319.7427218,
  "scan_failure_count": 0,
  "last_patrol_ts": 1778970612.167816,
  "in_blackout": true,
  "blackout_reason": "v17.3: 23 UTC 弱時段（5y 回測 WR 41.9%）",
  "blackout_started_ts": 1778972405.6277447
}