{
  "last_tg_sent": 1778677166.058414,
  "last_position_update_ts": 1778676556.6860428,
  "last_health_warning": 1778090319.7427218,
  "scan_failure_count": 0,
  "last_patrol_ts": 1778653978.3799803
}