{
  "last_tg_sent": 1778181448.6912386,
  "last_position_update_ts": 1778178409.9925628,
  "last_health_warning": 1778090319.7427218
}