{
  "last_tg_sent": 1778889525.8857336,
  "last_position_update_ts": 1778694962.2952228,
  "last_health_warning": 1778090319.7427218,
  "scan_failure_count": 0,
  "last_patrol_ts": 1778884565.8776789
}