{
  "last_tg_sent": 1778321083.2343967,
  "last_position_update_ts": 1778302399.183165,
  "last_health_warning": 1778090319.7427218
}