{
  "last_tg_sent": 1778631662.4181643,
  "last_position_update_ts": 1778631661.0885565,
  "last_health_warning": 1778090319.7427218,
  "scan_failure_count": 0,
  "last_patrol_ts": 1778627374.4930904
}