{
  "last_tg_sent": 1778968814.1038444,
  "last_position_update_ts": 1778922912.696912,
  "last_health_warning": 1778090319.7427218,
  "scan_failure_count": 0,
  "last_patrol_ts": 1778966113.597601,
  "in_blackout": false,
  "blackout_reason": "",
  "blackout_started_ts": 1778954405.7006643
}