{
  "last_tg_sent": 1778639119.1770513,
  "last_position_update_ts": 1778634150.3039937,
  "last_health_warning": 1778090319.7427218,
  "scan_failure_count": 0,
  "last_patrol_ts": 1778637879.793055
}