{
  "last_tg_sent": 1778919314.9116123,
  "last_position_update_ts": 1778919313.6501343,
  "last_health_warning": 1778090319.7427218,
  "scan_failure_count": 0,
  "last_patrol_ts": 1778919314.285297,
  "in_blackout": false,
  "blackout_reason": "",
  "blackout_started_ts": 1778917949.6878502
}