{
  "last_tg_sent": 1778623500.6462593,
  "last_position_update_ts": 1778623499.390286,
  "last_health_warning": 1778090319.7427218,
  "scan_failure_count": 0,
  "last_patrol_ts": 1778623500.0204291
}