{
  "last_tg_sent": 1777846309.4837217,
  "last_position_update_ts": 1777846309.4880297
}