{
  "last_tg_sent": 1778321083.2343967,
  "last_position_update_ts": 1778337277.6372995,
  "last_health_warning": 1778090319.7427218
}