{
  "last_tg_sent": 1778437818.4462547,
  "last_position_update_ts": 1778437818.981053,
  "last_health_warning": 1778090319.7427218,
  "scan_failure_count": 0
}