{
  "last_tg_sent": 1778916614.1088479,
  "last_position_update_ts": 1778694962.2952228,
  "last_health_warning": 1778090319.7427218,
  "scan_failure_count": 0,
  "last_patrol_ts": 1778915713.891941,
  "in_blackout": false,
  "blackout_reason": "",
  "blackout_started_ts": 1778904005.6302383
}