{
  "last_tg_sent": 1778434332.8704863,
  "last_position_update_ts": 1778416843.5898492,
  "last_health_warning": 1778090319.7427218,
  "scan_failure_count": 0
}