{
  "last_tg_sent": 1778440834.4641032,
  "last_position_update_ts": 1778440401.2747893,
  "last_health_warning": 1778090319.7427218,
  "scan_failure_count": 0
}