{
  "last_tg_sent": 1778916663.7014618,
  "last_position_update_ts": 1778694962.2952228,
  "last_health_warning": 1778090319.7427218,
  "scan_failure_count": 0,
  "last_patrol_ts": 1778915713.891941,
  "in_blackout": true,
  "blackout_reason": "資金費率結算（08 UTC）",
  "blackout_started_ts": 1778917949.6878502
}