{
  "last_tg_sent": 1778645935.0044024,
  "last_position_update_ts": 1778634150.3039937,
  "last_health_warning": 1778090319.7427218,
  "scan_failure_count": 0,
  "last_patrol_ts": 1778642218.178161
}