{
  "last_tg_sent": 1778622262.6179929,
  "last_position_update_ts": 1778622262.8007214,
  "last_health_warning": 1778090319.7427218,
  "scan_failure_count": 0,
  "last_patrol_ts": 1778619165.1331089
}