{
  "last_tg_sent": 1778902214.2531726,
  "last_position_update_ts": 1778694962.2952228,
  "last_health_warning": 1778090319.7427218,
  "scan_failure_count": 0,
  "last_patrol_ts": 1778902213.6251783,
  "in_blackout": true,
  "blackout_reason": "v17.3: 04 UTC 弱時段（5y 回測 WR 37.9%）",
  "blackout_started_ts": 1778904005.6302383
}