{
  "last_tg_sent": 1778941814.4721417,
  "last_position_update_ts": 1778922912.696912,
  "last_health_warning": 1778090319.7427218,
  "scan_failure_count": 0,
  "last_patrol_ts": 1778941813.800341,
  "in_blackout": false,
  "blackout_reason": "",
  "blackout_started_ts": 1778938205.7066033
}