{
  "last_tg_sent": 1778976913.4288297,
  "last_position_update_ts": 1778922912.696912,
  "last_health_warning": 1778090319.7427218,
  "scan_failure_count": 0,
  "last_patrol_ts": 1778976912.8167038,
  "in_blackout": true,
  "blackout_reason": "v17.3: 01 UTC 弱時段（5y 回測 WR 35.7%）",
  "blackout_started_ts": 1778979605.6194656
}