{
  "last_tg_sent": 1778272947.7530193,
  "last_position_update_ts": 1778178409.9925628,
  "last_health_warning": 1778090319.7427218
}