{
  "last_tg_sent": 1778321083.2343967,
  "last_position_update_ts": 1778340798.9278054,
  "last_health_warning": 1778090319.7427218
}