{
  "last_tg_sent": 1778364199.2617352,
  "last_position_update_ts": 1778342698.2316883,
  "last_health_warning": 1778090319.7427218
}