{
  "last_tg_sent": 1778416841.9892309,
  "last_position_update_ts": 1778416843.5898492,
  "last_health_warning": 1778090319.7427218
}