{
  "last_tg_sent": 1778321083.2343967,
  "last_position_update_ts": 1778333095.1428955,
  "last_health_warning": 1778090319.7427218
}