{
  "last_tg_sent": 1778146195.5357895,
  "last_position_update_ts": 1778178409.9925628,
  "last_health_warning": 1778090319.7427218
}