{
  "last_tg_sent": 1778454088.7923555,
  "last_position_update_ts": 1778445030.5111399,
  "last_health_warning": 1778090319.7427218,
  "scan_failure_count": 0,
  "last_patrol_ts": 1778451009.852083
}