{
  "last_tg_sent": 1778409678.2323585,
  "last_position_update_ts": 1778409679.7829072,
  "last_health_warning": 1778090319.7427218
}