{
  "last_tg_sent": 1778692464.444816,
  "last_position_update_ts": 1778692474.1054301,
  "last_health_warning": 1778090319.7427218,
  "scan_failure_count": 0,
  "last_patrol_ts": 1778653978.3799803
}