{
  "last_tg_sent": 1778404374.8823402,
  "last_position_update_ts": 1778404375.690608,
  "last_health_warning": 1778090319.7427218
}