{
  "last_tg_sent": 1778678391.5661314,
  "last_position_update_ts": 1778678986.7954445,
  "last_health_warning": 1778090319.7427218,
  "scan_failure_count": 0,
  "last_patrol_ts": 1778653978.3799803
}