{
  "last_tg_sent": 1778632889.1478856,
  "last_position_update_ts": 1778632905.7270305,
  "last_health_warning": 1778090319.7427218,
  "scan_failure_count": 0,
  "last_patrol_ts": 1778632281.3156116
}