{
  "last_tg_sent": 1778413082.3196843,
  "last_position_update_ts": 1778413082.3262186,
  "last_health_warning": 1778090319.7427218
}