{
  "last_tg_sent": 1778953513.6589353,
  "last_position_update_ts": 1778922912.696912,
  "last_health_warning": 1778090319.7427218,
  "scan_failure_count": 0,
  "last_patrol_ts": 1778953513.016795,
  "in_blackout": true,
  "blackout_reason": "FOMC 公布時段",
  "blackout_started_ts": 1778954405.7006643
}