{
  "last_tg_sent": 1778693718.5049975,
  "last_position_update_ts": 1778693717.2427685,
  "last_health_warning": 1778090319.7427218,
  "scan_failure_count": 0,
  "last_patrol_ts": 1778693717.883041
}