{
  "last_tg_sent": 1778003695.5865676,
  "last_position_update_ts": 1778010227.206462
}