{
  "last_tg_sent": 1777845395.7887764,
  "last_position_update_ts": 1777845396.6298182
}