{
  "last_tg_sent": 1777921134.222734,
  "last_position_update_ts": 1777978721.7184565
}