{
  "last_tg_sent": 1778936412.8507516,
  "last_position_update_ts": 1778922912.696912,
  "last_health_warning": 1778090319.7427218,
  "scan_failure_count": 0,
  "last_patrol_ts": 1778936412.20703,
  "in_blackout": true,
  "blackout_reason": "美股開盤波動",
  "blackout_started_ts": 1778938205.7066033
}