{
  "last_tg_sent": 1778444415.4632444,
  "last_position_update_ts": 1778440401.2747893,
  "last_health_warning": 1778090319.7427218,
  "scan_failure_count": 0,
  "last_patrol_ts": 1778442299.5849457
}