{
  "last_tg_sent": 1778090321.769888,
  "last_position_update_ts": 1778108382.7993326,
  "last_health_warning": 1778090319.7427218
}